name,predict_gender,female_prob,male_prob,country,affiliation,race,black_prob,white_prob,hispanic_prob,api_prob,"Asian,GreaterEastAsian,EastAsian_prob","Asian,GreaterEastAsian,Japanese_prob","Asian,IndianSubContinent_prob","GreaterAfrican,Africans_prob","GreaterAfrican,Muslim_prob","GreaterEuropean,British_prob","GreaterEuropean,EastEuropean_prob","GreaterEuropean,WestEuropean,French_prob","GreaterEuropean,WestEuropean,Germanic_prob","GreaterEuropean,Jewish_prob","GreaterEuropean,WestEuropean,Hispanic_prob","GreaterEuropean,WestEuropean,Italian_prob","GreaterEuropean,WestEuropean,Nordic_prob",race_census
Lincoln Stein,male,0.4411264703893052,0.5588735296106946,Canada,Ontario Institute for Cancer Research,"GreaterEuropean,Jewish",0.020751423999999997,0.9664649,0.010145513,0.0026381342,0.011716499,0.0022453507,0.00060812774,0.001228115,0.007596039,0.17733997,0.08676131,0.03126838,0.0908136,0.55243975,0.006675478,0.0014118569,0.029895434,white
Abigail Cabunoc Mayes,male,0.4961049868702132,0.5038950131297869,United States,Mozilla Foundation,"GreaterEuropean,British",0.2768109,0.7063899,0.012131441000000001,0.0046677655,0.014099523,0.0009371831,0.005985592,0.047639817,0.02235099,0.608913,0.015753914,0.054881983,0.013375294,0.093618296,0.09549263,0.015150579,0.01180117,white
Prashanth N Suravajhala,female,0.5456744045493539,0.4543255954506458,India,Birla Institute of Scientific Research,"Asian,IndianSubContinent",0.0029088112,0.08635476,0.032041,0.8786954,0.00020861515,0.00022415273,0.9902536,0.0012827016,0.0011535219,0.002899734,0.00034157216,0.00023848513,0.00012588155,0.000335857,0.0025888735,0.00033893113,7.96952e-06,api
Sebastien E Ramos-Onsins,male,0.4411264703893052,0.5588735296106946,Spain,Center for Research in Agricultural Genomics CSIC-IRTA-UAB-UB (CRAG),"GreaterEuropean,British",0.15431441,0.6858755999999999,0.01813685,0.14167320000000003,0.0010519166,0.0011315285,0.003985631,0.15552971,0.0021621608,0.6659683,0.002975771,0.0070543783,0.006697593,0.010241107,0.13736239,0.005722898,0.000116606956,white
Vijay Krishna Nagampalli,female,0.5786625849764301,0.42133741502356975,United States,Cleveland Clinic Foundation,"GreaterEuropean,WestEuropean,Italian",0.0011994311,0.16988154,0.017849678,0.81106937,0.0021433143,0.00478751,0.09443985,0.08257776,0.007027141,0.04009803,0.009166256,0.019341296,0.005382744,0.014021335,0.13135378,0.5880368,0.0016241805,api
Enis Afgan,male,0.2957672109366553,0.7042327890633447,United States,Johns Hopkins University,"GreaterEuropean,British",0.01393624,0.7373215,0.019587286000000002,0.22915496,0.008564836,0.037062857,0.021127148,0.0052841688,0.01270572,0.71262914,0.006426311,0.011578171,0.0037873532,0.16181144,0.01025043,0.008322099,0.00045040034,white
Ula Afgan,female,0.9825659675953974,0.017434032404602017,United States,GalaxyWorks,"GreaterEuropean,British",0.01393624,0.7373215,0.019587286000000002,0.22915496,0.008564836,0.037062857,0.021127148,0.0052841688,0.01270572,0.71262914,0.006426311,0.011578171,0.0037873532,0.16181144,0.01025043,0.008322099,0.00045040034,white
Walter Arancio,male,0.20424982548744489,0.7957501745125553,Italy,,"GreaterEuropean,WestEuropean,Hispanic",0.007241186,0.12240467,0.7743949,0.09595919,9.005606e-05,0.0038787008,0.00076836697,0.0037115002,0.0018423854,0.00509345,0.00030817432,0.038923457,0.00047541258,0.0035161737,0.6395952,0.30175623,4.0778858e-05,hispanic
Geraldine Van der Auwera,female,0.7589323620194499,0.24106763798055,United States,Broad Institute,"GreaterAfrican,Africans",0.009661705999999999,0.73684865,0.02436036,0.22912924,0.011976651,0.0025716529,0.11137934,0.43669555,0.022744868,0.06233653,0.027565889,0.055963513,0.007245553,0.0054805554,0.22178137,0.033542838,0.0007155692,white
Artem Babain,male,0.13483243662544891,0.8651675633745514,Canada,University of British Columbia,"GreaterAfrican,Muslim",0.09136126,0.89191324,0.007796806999999999,0.0089287525,0.00247913,0.0012843551,0.13891393,0.045017008,0.5592958,0.026475575,0.00729727,0.15900609,0.0037963456,0.048219264,0.0017783426,0.004215409,0.002221483,white
Daniel Baker,male,0.4961049868702132,0.5038950131297869,United States,Johns Hopkins University,"GreaterEuropean,British",0.16011874,0.8151788000000001,0.020452512,0.004249922,0.0015094359,0.00092111406,0.015010934,0.0021653883,0.0145846605,0.92876095,0.00091609656,0.008697286,0.0024636132,0.009006586,0.008190566,0.0037531739,0.0040202886,white
Dannon Baker,male,0.4411264703893052,0.5588735296106946,United States,Johns Hopkins University,"GreaterEuropean,British",0.16011874,0.8151788000000001,0.020452512,0.004249922,0.0015094359,0.00092111406,0.015010934,0.0021653883,0.0145846605,0.92876095,0.00091609656,0.008697286,0.0024636132,0.009006586,0.008190566,0.0037531739,0.0040202886,white
Chris Barnett,male,0.2957672109366553,0.7042327890633447,South Africa,University of Cape Town,"GreaterEuropean,British",0.09625247,0.8796305,0.016919317,0.0071976525,0.00300918,0.0018930786,0.012819159,0.001595011,0.0024165402,0.84697556,0.008037278,0.012228937,0.0008301939,0.087390855,0.014384426,0.005009598,0.0034101536,white
Prakash Basnet,female,0.5456744045493539,0.4543255954506458,South Korea,Kangwon National University,"GreaterEuropean,WestEuropean,French",0.09461783,0.85625196,0.035683602,0.013446578,0.0003506123,1.8850214e-05,0.0010929954,0.0009810581,0.0010578168,0.046253137,0.0026599686,0.9218347,0.0009956735,0.0100496095,0.011140624,0.0020259996,0.0015389067,white
Berenice Batut,female,0.7589323620194499,0.24106763798055,Germany,University of Freiburg,"GreaterAfrican,Muslim",0.11991831,0.81798947,0.029644521,0.03244769,0.0024370253,7.2656e-05,0.040142037,0.12691319,0.30098614,0.13129911,0.04172679,0.29997,0.0016264864,0.031901736,0.011256803,0.010920995,0.0007471484,white
Marius van den Beek,male,0.2957672109366553,0.7042327890633447,United States,Penn State University,"GreaterEuropean,British",0.079127975,0.91402215,0.0063472763,0.0005026583999999999,0.11581358,0.0063357623,0.027738353,0.07401808,0.10409246,0.30569962,0.118641295,0.031230684,0.036454268,0.053675603,0.039195787,0.047845215,0.039259225,white
Anshu Bhardwaj,male,0.3425244505862309,0.6574755494137693,India,Interdisciplinary Research Center (CRI) and CSIR-Institute of Microbial Technology,"Asian,IndianSubContinent",0.0031587747,0.03054585,0.0013262412,0.96496916,5.517205e-06,2.4194162e-07,0.9986259,5.176175e-05,0.00082490017,0.0004407547,1.5331474e-07,7.808799e-06,1.0181125e-07,1.2508627e-07,2.9168064e-05,6.438546e-06,7.2369603e-06,api
Dan Blankenberg,male,0.4411264703893052,0.5588735296106946,United States,"Genomic Medicine Institute, Cleveland Clinic Lerner Research Institute","GreaterEuropean,Jewish",0.008355685500000001,0.98120624,0.0091685485,0.0012695523,0.0012287553,0.0016856318,3.1211504e-05,0.0004997225,0.0016565163,0.042678405,0.045866325,0.010162806,0.040242247,0.7689142,0.013509402,0.0038668262,0.06965791,white
Grzegorz Boratyn,male,0.233666578177632,0.7663334218223676,United States,NCBI/NLM/NIH,"GreaterEuropean,EastEuropean",0.22655688,0.6800191,0.031930774,0.061493233,0.008624716,0.0013185214,0.008661068,0.0015026099,0.03701993,0.2178962,0.50255805,0.05135004,0.007972865,0.025601894,0.008369415,0.12735507,0.0017694682,white
Will Brandler,male,0.4961049868702132,0.5038950131297869,United States,Databricks,"GreaterEuropean,Jewish",0.06063231,0.92002946,0.015912048999999998,0.0034261191999999997,0.005674922,0.0028780382,0.0063741943,0.003991725,0.0038890142,0.32198527,0.07216707,0.053930514,0.07672877,0.37599304,0.045579225,0.023274602,0.007533667,white
Yvan Le Bras,male,0.4411264703893052,0.5588735296106946,France,French National Museum of Natural History,"Asian,IndianSubContinent",0.035299987000000005,0.9022024,0.053605262,0.008892296,0.0008589839,0.0020450081,0.265752,0.0046487986,0.0441072,0.12383048,0.06878659,0.12507617,0.1273568,0.13319045,0.06681711,0.004625502,0.032904927,white
Simon Bray,male,0.4411264703893052,0.5588735296106946,Germany,University of Freiburg,"GreaterEuropean,British",0.13193838,0.8423468000000001,0.022324119,0.0033907632000000003,0.0038211548,0.002328087,0.026294699,0.018483013,0.03508045,0.7055748,0.012637489,0.081962734,0.026299527,0.046351604,0.027832335,0.0033096978,0.0100243855,white
Anthony Bretaudeau,female,0.5786625849764301,0.42133741502356975,France,BIPAA/GenOuest,"GreaterEuropean,WestEuropean,French",0.0033532826,0.98575145,0.008754686999999999,0.002140592,9.487864e-05,0.00012646124,0.00033561938,0.0001496172,0.0001198818,0.07566887,0.0034541355,0.8999788,0.0026208216,0.0034691216,0.010343672,0.0016181528,0.0020199742,white
Peter Briggs,male,0.20424982548744489,0.7957501745125553,United Kingdom,University of Manchester,"GreaterEuropean,British",0.18816246,0.799643,0.011098068,0.0010965649,0.005010691,0.0042103305,0.0013938736,0.0024597244,0.002426014,0.92136943,0.0009384899,0.01727837,0.001523871,0.012121762,0.019856846,0.0050717453,0.006338739,white
Jaqueline J Brito,female,0.7589323620194499,0.24106763798055,United States,University of Southern California,"GreaterEuropean,WestEuropean,Hispanic",0.019995112,0.28476414,0.66249806,0.03274269,0.0038286122,0.012747784,0.025947616,0.0064566103,0.013223667,0.11114384,0.023464749,0.05736824,0.04009735,0.074177735,0.38024315,0.23254667,0.018754074,hispanic
Catherine Bromhead,female,0.7589323620194499,0.24106763798055,Australia,University of Melbourne,"GreaterEuropean,British",0.013698901999999999,0.9580354,0.018218253,0.0100474525,0.001711755,0.0012980918,0.0018598625,0.0067445673,0.002843486,0.8307305,0.012889589,0.024022581,0.0045674862,0.071035884,0.020383257,0.0054597557,0.016453186,white
Sean Buehler,male,0.4411264703893052,0.5588735296106946,United States,University of Connecticut,"GreaterEuropean,WestEuropean,Germanic",0.0024204599,0.9733656999999999,0.02100532,0.0032084694,0.002663896,0.0009860288,0.0010676553,0.0084283445,0.01603483,0.034413148,0.026609989,0.07441152,0.6426792,0.1658333,0.011207893,0.0049379366,0.010726199,white
Rob Buels,male,0.28371156204992304,0.7162884379500768,United States,"University of California, Berkeley","GreaterEuropean,British",0.28539476,0.65561295,0.05119105,0.007801252,0.014268492,0.00059345836,0.0006450748,0.02015118,0.009638726,0.39826766,0.023096925,0.03630862,0.22280179,0.20508906,0.055833817,0.008747707,0.004557434,white
Dieter Bulach,male,0.20424982548744489,0.7957501745125553,Australia,University of Melbourne,"GreaterEuropean,British",0.096006595,0.88564855,0.013040656000000001,0.005304198,0.027130043,0.0033363327,0.006220304,0.025766619,0.118586384,0.21036993,0.17697187,0.06867066,0.08568629,0.16515663,0.05729508,0.039232302,0.015577497,white
Daniela Butano,female,0.9825659675953974,0.017434032404602017,United Kingdom,University of Cambridge,"Asian,GreaterEastAsian,Japanese",0.0028901785,0.9382391999999999,0.045223936,0.013646743000000001,0.025559274,0.35366753,0.0014422252,0.061316073,0.009175792,0.020033658,0.0059274496,0.03013969,0.002372442,0.01317451,0.20699094,0.268798,0.0014025511,white
Louise Cabansay,female,0.7589323620194499,0.24106763798055,United States,"University of California, Santa Cruz","GreaterEuropean,WestEuropean,French",0.17351867,0.58787614,0.098921455,0.13968374,0.00056253123,0.0010360405,0.0011686359,0.012090539,0.011399562,0.07694339,0.0006110028,0.80984074,0.002997261,0.009527738,0.056725018,0.01609922,0.0009983446,white
Scott Cain,male,0.296259606862796,0.7037403931372039,Canada,Ontario Institute for Cancer Research,"GreaterEuropean,British",0.09355081,0.87609655,0.016392365,0.013960278999999999,0.0060433038,0.010174378,0.013907342,0.00022856453,0.000862742,0.8435198,0.0020976092,0.094542764,0.0027964655,0.007810051,0.008317812,0.008513843,0.0011853538,white
Martin Cech,male,0.4411264703893052,0.5588735296106946,Czechia,Free Element,"GreaterEuropean,British",0.0073569473,0.90984124,0.04436916,0.038432617,0.033468835,0.07587523,0.024435917,0.011252637,0.02887461,0.26049423,0.16947238,0.033227485,0.05102588,0.113950096,0.08345035,0.064760536,0.04971175,white
Brad Chapman,male,0.14564986557001305,0.8543501344299869,United States,Harvard University,"GreaterEuropean,British",0.122502044,0.8491219999999999,0.024555722000000002,0.0038201816,0.0030370723,0.000340963,0.0071097626,0.0010340768,0.0008968809,0.9510404,0.00044927347,0.024519889,0.0007153075,0.0065887193,0.002687633,0.0015149357,6.5244276e-05,white
Sona Charles,female,0.9825659675953974,0.017434032404602017,India,Bharathiar University,"GreaterEuropean,British",0.4910893,0.47161755,0.033790607,0.0035025233,0.004387605,0.005180446,0.01816433,0.003203586,0.0059768474,0.7110741,0.005864213,0.082174055,0.0114428,0.08498184,0.03690617,0.021604098,0.009039745,black
Dmytro Chebotarov,male,0.17846431317726094,0.8215356868227393,Taiwan,International Rice Research Institute,"GreaterEuropean,EastEuropean",0.003452674,0.95981276,0.031102272,0.0056323563,6.9381975e-05,8.1449e-05,0.00066523347,0.00023300582,0.00887749,0.0010498896,0.9719143,0.0010656127,0.0008974249,0.014023555,0.00037761222,0.00021351394,0.0005314967,white
Tyrone Chen,female,0.7589323620194499,0.24106763798055,Australia,Monash University,"Asian,GreaterEastAsian,EastAsian",0.004138276,0.010262096,0.004654848,0.98094475,0.9454943,0.0015761483,0.001255082,0.0003394799,0.0004968073,0.021351635,0.0015047495,0.0017539235,0.0006453779,0.01722373,0.0016325641,0.0017720663,0.0049542454,api
Matteo Chiara,male,0.17846431317726094,0.8215356868227393,Italy,University of Milan,"GreaterEuropean,WestEuropean,Italian",0.0032272871999999998,0.48676938,0.5065497999999999,0.0034534896000000003,0.0035711634,0.0028826748,0.020331947,0.07328569,0.0140285045,0.020119464,0.0112928385,0.14520337,0.005687746,0.07083245,0.15546021,0.47697255,0.0003313312,hispanic
John Chilton,male,0.4411264703893052,0.5588735296106946,United States,Penn State University,"GreaterEuropean,British",0.21182087,0.76764673,0.010584531000000001,0.009947851,0.00049260526,0.0010032165,0.002064576,0.0013307256,0.000541195,0.9461197,0.0011488241,0.029469566,0.0006806662,0.010758576,0.0032479179,0.0015180409,0.0016243058,white
Ken Cho,male,0.4411264703893052,0.5588735296106946,Hong Kong,GigaScience,"Asian,GreaterEastAsian,EastAsian",0.0020313975,0.0229926,0.0040866140000000006,0.97088933,0.7889752,0.0082098385,0.00395334,0.021982154,0.0014576754,0.032960735,0.0064789494,0.024014698,0.011597261,0.0067434567,0.011067423,0.07640795,0.006151592,api
Jessica Chung,female,0.9825659675953974,0.017434032404602017,Australia,University of Melbourne,"Asian,GreaterEastAsian,EastAsian",0.0017641142,0.006105264599999999,0.008836745,0.9832939,0.9115144,0.00035863192,0.00092610484,0.00026295372,0.00039728612,0.031961467,0.007807689,0.015390382,0.0031667708,0.010912723,0.005540294,0.00019686624,0.011564366,api
Dave Clements,female,0.7589323620194499,0.24106763798055,United States,Johns Hopkins University,"GreaterEuropean,British",0.050127637,0.9288732,0.01614195,0.0048572584,0.0031336176,0.0016060355,0.0020574122,0.013186551,0.00096655183,0.86709803,0.0077508204,0.04506988,0.0070327367,0.012417916,0.014558078,0.0225359,0.0025865773,white
Irene Cobo,female,0.7589323620194499,0.24106763798055,United States,University of Connecticut,"GreaterEuropean,WestEuropean,Italian",0.09138347,0.74156415,0.15828003,0.008772378,0.018352136,0.007528465,0.010361527,0.10670737,0.009257897,0.21458365,0.017412595,0.057081543,0.0059163175,0.110041335,0.15552719,0.27446342,0.012766531,white
Peter Cock,male,0.20424982548744489,0.7957501745125553,United Kingdom,James Hutton Institute,"GreaterEuropean,British",0.08399069,0.8985941999999999,0.015104076000000001,0.0023109695999999997,0.018775092,0.009463172,0.0018896252,0.0019156245,0.0011288224,0.8863801,0.004837032,0.04632133,0.004174901,0.010241251,0.009529401,0.0029034803,0.0024402142,white
Sergio Contrino,male,0.17846431317726094,0.8215356868227393,United Kingdom,University of Cambridge,"GreaterEuropean,WestEuropean,Italian",0.0035686846999999997,0.91312903,0.07082461,0.012477702,0.0005247371,0.00096304575,0.00032817046,0.0014855299,0.0007105193,0.0072223265,0.004932715,0.025972793,0.0028484212,0.008560419,0.2059192,0.73998636,0.0005457914,white
Justin Cook,male,0.4411264703893052,0.5588735296106946,Canada,Ontario Institute for Cancer Research,"GreaterEuropean,British",0.12034028,0.8705074,0.008284063000000001,0.0008682344,0.004843024,0.0009483791,0.001837005,0.002943306,0.0013953703,0.96913713,0.0003076007,0.0035077163,0.0011855417,0.0060244827,0.0032767884,0.0043398454,0.00025372667,white
Ira Cooke,female,0.9825659675953974,0.017434032404602017,Australia,James Cook University,"GreaterEuropean,British",0.19859968,0.7912233,0.0076981746,0.0024788836,0.0030715617,0.00022828215,0.008703775,0.0051302663,0.0032119483,0.9685869,0.00024333649,0.003451382,0.0010959597,0.0034738984,0.001953564,0.0007367801,0.00011242449,white
Frederik Coppens,male,0.052331067100742035,0.9476689328992576,Belgium,VIB-UGent Center for Plant Systems Biology,"GreaterEuropean,British",0.113265365,0.865029,0.019382082,0.0023235932,0.016438808,0.004726349,0.0116241835,0.003846366,0.0052707833,0.5125855,0.009534423,0.17866495,0.11786501,0.06150775,0.037918713,0.016263058,0.023753906,white
Nate Coraor,female,0.7589323620194499,0.24106763798055,United States,Penn State University,"GreaterEuropean,Jewish",0.07670347,0.8735733,0.035388265,0.014334983999999999,0.006325298,0.0045705265,0.028803054,0.048953373,0.014723754,0.28852284,0.006053096,0.06148758,0.0027636592,0.36475298,0.08793698,0.07981337,0.0052934913,white
Gianmauro Cuccuru,male,0.17846431317726094,0.8215356868227393,Germany,University of Freiburg,"GreaterEuropean,WestEuropean,Italian",0.085715264,0.86958814,0.029061947,0.015634669,0.0019613283,0.0034030227,0.00050523586,0.0032883696,0.0030006375,0.052854735,0.010094739,0.086259484,0.009462401,0.031258173,0.20237729,0.5907739,0.004760679,white
Thom Cuddihy,male,0.13483243662544891,0.8651675633745514,Australia,QFAB,"GreaterEuropean,British",0.025621146,0.9372719999999999,0.016364358,0.020742448,0.0032460075,0.0014534103,0.005344246,0.0028184042,0.010541963,0.9194728,0.008481776,0.009316705,0.0016545885,0.0065796347,0.019945413,0.0028877005,0.008257261,white
Kam D Dahlquist,male,0.13483243662544891,0.8651675633745514,United States,Loyola Marymount University,"GreaterEuropean,British",0.0013279779999999998,0.98304695,0.013980963999999999,0.0016440845,0.01934349,0.0031058872,0.0038341614,0.0018558254,0.0037323483,0.7101532,0.0062245503,0.10253286,0.08796623,0.017530708,0.017025176,0.0061808485,0.020514619,white
Nicholas Darci-Maher,male,0.2957672109366553,0.7042327890633447,United States,"University of California, Los Angeles","GreaterEuropean,WestEuropean,Italian",0.040387362,0.9438003,0.013519719,0.0022927064,0.014820793,0.04087403,0.005125175,0.0337918,0.10291102,0.19564201,0.10672065,0.04304579,0.015505684,0.035473228,0.047158353,0.34229952,0.016631933,white
Henry Davidge,female,0.5786625849764301,0.42133741502356975,United States,Databricks,"GreaterEuropean,British",0.10762407,0.8532323,0.029695317000000002,0.009448303,0.000654412,0.0014250051,0.0023386902,0.0060254876,0.0002916945,0.9517777,0.00079939887,0.004555487,0.00019989908,0.026450008,0.0017163216,0.0036236856,0.00014215364,white
Assunta DeSanto,female,0.9825659675953974,0.017434032404602017,United States,Penn State University,"GreaterEuropean,WestEuropean,Italian",0.00040426297,0.9709273000000002,0.015439636999999999,0.013228853999999998,0.0013931734,0.010963346,0.039277356,0.0075463275,0.0012800251,0.03128497,0.0017376179,0.016511438,0.0049272594,0.011814652,0.17677209,0.69399935,0.0024924278,white
Colin Diesh,male,0.4411264703893052,0.5588735296106946,United States,"University of California, Berkeley","GreaterEuropean,British",0.10113079999999999,0.879056,0.016127057,0.003686192,0.08277042,0.0003299217,0.29113495,0.040285684,0.022989092,0.37046245,0.016970525,0.07442532,0.022803968,0.049429744,0.016555248,0.009439767,0.0024029831,white
Allissa Dillman,female,0.9825659675953974,0.017434032404602017,United States,NIH,"GreaterEuropean,British",0.08618108,0.88859594,0.022865275,0.0023576668,0.00014771149,0.00029532734,0.0059781526,0.0012843921,0.011031343,0.79019046,0.0052475533,0.03968613,0.0015817763,0.12832293,0.012734548,0.0015408501,0.0019587853,white
Xengie Doan,female,0.7589323620194499,0.24106763798055,United States,Sage Bionetworks,"GreaterEuropean,British",0.022568135,0.41368523,0.018785486,0.5449611,0.011425545,0.01163653,0.0066396156,0.023910081,0.014142383,0.69408005,0.013376603,0.0714896,0.0037882328,0.09506112,0.04081154,0.012198113,0.0014405391,api
Maria Doyle,female,0.9825659675953974,0.017434032404602017,Australia,Peter MacCallum Cancer Centre,"GreaterEuropean,British",0.027964534,0.9590361999999999,0.010160012,0.0028392505,0.00078929134,0.00025703668,0.0071177213,0.006320292,0.0043311166,0.8757268,0.0017429191,0.07642943,0.0012279713,0.012809289,0.007468632,0.0026120918,0.0031675159,white
Bert Droesbeke,male,0.296259606862796,0.7037403931372039,Belgium,VIB,"GreaterEuropean,WestEuropean,Germanic",0.012800183,0.9757415999999999,0.010208379,0.0012498165,0.0036234,0.006794694,0.0018624577,0.012580831,0.0024277987,0.30130237,0.039436672,0.02197402,0.3157837,0.25584427,0.007898054,0.002270582,0.028201083,white
Andrew Duncan,male,0.21459937010638025,0.7854006298936195,Canada,Ontario Institute for Cancer Research,"GreaterEuropean,British",0.20812085,0.7787425,0.010415052,0.002721554,0.006333122,0.002355154,0.008994227,0.0021820627,0.0034840293,0.8909913,0.00036122295,0.052836247,0.0008896581,0.0070940764,0.0064648194,0.017003858,0.0010102018,white
Nathan Dunn,male,0.4411264703893052,0.5588735296106946,United States,Lawrence Berkeley National Lab,"GreaterEuropean,British",0.10041424,0.8795838,0.009798681,0.010203263,0.0013651233,0.0006660494,0.058935616,0.0007008607,0.0012929406,0.853778,0.0033351243,0.002077288,0.008670779,0.031493515,0.0043661366,0.00139942,0.03191894,white
Scott Edmunds,male,0.296259606862796,0.7037403931372039,Hong Kong,GigaScience,"GreaterEuropean,British",0.11905068,0.8526984000000001,0.021160156,0.0070908014,0.002202966,0.0044499882,0.0018107372,0.0027205711,0.0050568413,0.85756356,0.0016670128,0.043939576,0.003186124,0.029780155,0.016926719,0.020390721,0.010304933,white
Ignacio Eguinoa,male,0.17846431317726094,0.8215356868227393,Belgium,ELIXIR Belgium - VIB Center for Plant Systems Biology,"GreaterEuropean,WestEuropean,Hispanic",0.0042846967,0.07104234400000001,0.8519601000000001,0.07271286,0.0025882856,0.0044391737,2.5709243e-05,0.047362294,0.0028666682,0.018745907,0.057383772,0.035866465,5.1954015e-05,0.025357243,0.79867345,0.006598545,4.042349e-05,hispanic
Phil Ewels,male,0.4961049868702132,0.5038950131297869,Sweden,Science for Life Laboratory,"GreaterEuropean,British",0.2156776,0.75802404,0.023790162000000004,0.0025081462,0.0037599348,0.0013109782,0.00053461135,0.015309805,0.0016874368,0.883715,0.0028749416,0.033122674,0.012935955,0.02772942,0.01138484,0.0047335424,0.0009008658,white
Matthias Fahrner,male,0.2957672109366553,0.7042327890633447,Germany,University of Freiburg,"GreaterEuropean,Jewish",0.0065606959999999995,0.9758792,0.012587578,0.004972481,0.0025577864,0.002337169,0.0025433886,0.0044930917,0.025823561,0.065703675,0.04072021,0.08533778,0.22722758,0.32205582,0.055105284,0.067795336,0.098299354,white
Akinyemi Mandela Fasemore,female,0.8659979274030714,0.13400207259692906,Unknown,,"GreaterEuropean,British",0.20297107,0.74825066,0.03974244,0.009035831,0.0032634244,0.015243318,0.017266782,0.22648576,0.06337074,0.22666162,0.0056229574,0.11634487,0.0020746605,0.075201124,0.14498511,0.06756051,0.035919093,white
Karen Feng,male,0.4411264703893052,0.5588735296106946,United States,Databricks,"Asian,GreaterEastAsian,EastAsian",0.0022630165,0.017185455,0.009845459,0.9707061,0.9617439,0.0008175181,0.0008238423,0.0017785417,0.0004838334,0.013263853,0.001117793,0.0026363507,0.0018368703,0.0014379839,0.0019105586,0.0017379955,0.010410923,api
Chris Fields,male,0.2957672109366553,0.7042327890633447,United States,University of Illinois Urbana-Champaign,"GreaterEuropean,British",0.4003609,0.58647716,0.011536207,0.0016256893,0.0104368115,0.0018424466,0.0012785284,0.0022262617,0.0012467669,0.8678478,0.00710338,0.007594387,0.0051979325,0.08559278,0.003911696,0.0045370283,0.0011842139,white
Legana Fingerhut,female,0.9825659675953974,0.017434032404602017,Australia,James Cook University,"GreaterEuropean,British",0.010877933999999999,0.97042173,0.014736214,0.0039640465,0.01673677,0.0026271008,0.000457693,0.006481277,0.0043296185,0.38467646,0.07486857,0.05224148,0.07852009,0.31132802,0.05240689,0.009217727,0.00610821,white
Lydia Fleischmann,female,0.9825659675953974,0.017434032404602017,United States,NCBI/ NIH,"GreaterEuropean,Jewish",0.004195189,0.97744864,0.009798528,0.008557598000000001,0.000572988,0.001156629,0.0006132906,0.00059155555,0.0029541217,0.035749316,0.053302824,0.07733037,0.2816724,0.4137267,0.06472886,0.009902059,0.057698913,white
Evan Floden,male,0.4411264703893052,0.5588735296106946,Spain,Seqera Labs,"GreaterEuropean,British",0.122236654,0.8443337,0.030692311,0.002737357,0.002482342,0.0028259782,0.0057888394,0.00093676936,0.0017954034,0.7266858,0.016539417,0.033932086,0.012466981,0.10615142,0.024592035,0.009597912,0.0562051,white
Melanie Foll,female,0.7589323620194499,0.24106763798055,United States,Northeastern University,"GreaterEuropean,British",0.05803573,0.9295450000000001,0.010948696,0.0014706422,0.010055949,0.006673475,0.005882888,0.03507961,0.0039628805,0.7100525,0.030395115,0.020546885,0.028527454,0.07021209,0.036415458,0.011647686,0.030547978,white
Anne Fouilloux,female,0.7589323620194499,0.24106763798055,Norway,University of Oslo,"GreaterEuropean,WestEuropean,French",0.07978161,0.9102478,0.009502106,0.00046852342000000004,0.0005782483,5.687404e-05,0.00014747446,0.01504891,0.0028970197,0.025114816,0.00010823276,0.9298075,0.00029838286,0.0020197907,0.022100348,0.0015165798,0.0003058611,white
Michael Franklin,male,0.4961049868702132,0.5038950131297869,Australia,University of Melbourne,"GreaterEuropean,British",0.41060096,0.5514600000000001,0.032240245,0.0056987726,0.0032081245,0.0015626878,0.00043936307,0.00047152105,0.0001581618,0.6070011,0.027932497,0.11720543,0.009140518,0.21007298,0.0070335106,0.010661021,0.005113139,white
Nowlan Freese,male,0.4411264703893052,0.5588735296106946,United States,University of North Carolina Charlotte,"GreaterEuropean,British",0.07985356,0.90056014,0.015731553,0.0038547455,0.009571528,0.0030654634,0.03047794,0.009904689,0.0068507027,0.8174624,0.013044698,0.016532902,0.010071763,0.02920444,0.019843953,0.022011332,0.011958136,white
Xavier Garnier,male,0.20424982548744489,0.7957501745125553,France,"University of Rennes, Inria, CNRS, IRISA","GreaterEuropean,WestEuropean,French",0.18363628,0.7937003,0.019424457,0.0032389640000000004,0.0024615948,0.0001089714,0.0050914404,0.0010118516,0.0005839411,0.13548286,0.003053053,0.8287136,0.0010900353,0.0088246055,0.00848285,0.0049031316,0.00019207293,white
Anamika Singh Gaur,female,0.9825659675953974,0.017434032404602017,India,CSIR - Indian Institute of Chemical Technology,"Asian,IndianSubContinent",0.016377354,0.5899298000000001,0.012521988999999999,0.38117084,0.009278765,0.0008418787,0.28920728,0.006147823,0.013826417,0.21804886,0.045723367,0.22332981,0.01119746,0.15038148,0.011204696,0.0078468025,0.012965308,white
Sonya Geange,female,0.9825659675953974,0.017434032404602017,Norway,University of Bergen,"GreaterEuropean,British",0.12195959,0.8466908999999999,0.02555939,0.0057900753,0.0010393455,0.00050713035,0.0010987113,0.037638143,0.0005352493,0.87588555,0.0009704072,0.066221096,0.0021302903,0.0033985663,0.0018178043,0.006184446,0.0025733323,white
Rishi Ghose,female,0.8659979274030714,0.13400207259692906,United Kingdom,Databricks,"Asian,IndianSubContinent",0.07314513,0.8136826,0.02463227,0.08854001,0.00079094316,0.00031550965,0.9533316,0.006218011,0.0019985172,0.014307939,0.00033860805,0.013856851,0.00044809296,0.004423565,0.00057961774,0.0032511905,0.00013963212,white
Andrea Giachetti,female,0.9825659675953974,0.017434032404602017,Italy,University of Florence,"GreaterEuropean,WestEuropean,Italian",0.0062721,0.96124566,0.02764919,0.004833082,0.00020475543,0.00041792542,0.0010683167,0.00047926302,0.0003426197,0.02140672,0.005927833,0.03487754,0.0016020023,0.024216115,0.17292853,0.73596275,0.00056564074,white
Simon Gladman,male,0.4411264703893052,0.5588735296106946,Australia,University of Melbourne,"GreaterEuropean,Jewish",0.15688942,0.8234060999999999,0.016887283,0.0028171765000000004,0.0016774569,0.0016969227,0.000110721776,0.0013641727,0.0005213538,0.22379328,0.021749916,0.017268103,0.014837859,0.7021038,0.0067736977,0.007144278,0.0009585027,white
Jeremy Goecks,female,0.5786625849764301,0.42133741502356975,United States,OHSU,"GreaterEuropean,British",0.06618343,0.9179463999999999,0.011920121,0.0039500906,0.01782874,0.008702186,0.0023861208,0.0017641954,0.0010705199,0.60849684,0.003702205,0.062969826,0.12207881,0.051275276,0.0927543,0.010199747,0.016771154,white
Sergey Golitsynskiy,female,0.5786625849764301,0.42133741502356975,United States,Johns Hopkins University,"GreaterEuropean,EastEuropean",0.024485637,0.95716834,0.016629618,0.0017164045,0.00016834294,0.0003472087,0.00022346739,0.00034592877,0.0016318015,0.002441111,0.96446544,0.00046497004,0.0012024791,0.02651195,0.0008122349,0.00088836986,0.00049663614,white
Laurie Goodman,female,0.7589323620194499,0.24106763798055,United States,GigaScience,"GreaterEuropean,Jewish",0.18657826,0.7979948,0.012293741,0.0031331909999999996,0.0018547416,0.01558301,0.0015427824,0.0006408795,0.00046904339,0.33142468,0.0062972303,0.0123472335,0.0033714664,0.61410713,0.009263437,0.0029347914,0.00016359735,white
Nuwan Goonasekera,male,0.4411264703893052,0.5588735296106946,Australia,University of Melbourne,"Asian,IndianSubContinent",0.008494516,0.78307414,0.066764615,0.1416667,0.0011238526,0.032128688,0.9559929,0.004224576,0.0018148182,0.0012213361,0.00016938889,0.00082772085,8.063982e-05,0.0003222091,0.0013277779,0.00075220224,1.3868887e-05,white
Juleen Graham,male,0.4411264703893052,0.5588735296106946,United States,Johns Hopkins University,"GreaterEuropean,British",0.23036936,0.74929065,0.017817948,0.002522022,0.025525501,0.003148023,0.027295146,0.008688402,0.0024444337,0.8382896,0.0012083175,0.017136427,0.0022927069,0.03494659,0.015888708,0.020764567,0.002371645,white
Tim Griffin,male,0.13483243662544891,0.8651675633745514,United States,University of Minnesota,"GreaterEuropean,British",0.3014239,0.67848045,0.016996233,0.0030994446,0.0053273574,0.0005650442,0.00070815865,0.0048335837,0.0016033367,0.82083833,0.014052688,0.09829432,0.0010719986,0.03494491,0.009300168,0.007917402,0.00054280873,white
Bjorn Gruning,male,0.4411264703893052,0.5588735296106946,Germany,University of Freiburg,"GreaterEuropean,British",0.051949997000000005,0.9321210999999999,0.013488126999999999,0.0024407369,0.006102666,0.004098048,0.020791283,0.008505947,0.017215395,0.46063012,0.03571928,0.033576515,0.28885293,0.03053432,0.022275653,0.008189198,0.06350861,white
Andrea Guarracino,female,0.9825659675953974,0.017434032404602017,Italy,University of Rome Tor Vergata,"GreaterEuropean,WestEuropean,Italian",0.0023773776,0.8384610999999998,0.15181664,0.007344832,0.000100504345,0.0008157838,1.6824433e-05,0.0013888918,0.00054067903,0.0034075733,0.000783536,0.07963115,0.0031544704,0.0059418567,0.23522873,0.6686343,0.00035562867,white
Lorain Gueguen,male,0.4411264703893052,0.5588735296106946,France,Station Biologique de Roscoff,"Asian,GreaterEastAsian,EastAsian",0.0051273643,0.1259161,0.78319204,0.085764505,0.4459276,0.0024381997,0.0015550551,0.021352014,0.07038456,0.049232878,0.004102831,0.16226707,0.056192677,0.039188698,0.13765574,0.0014296932,0.008272964,hispanic
Asis Hallab,male,0.2957672109366553,0.7042327890633447,Germany,Julich Research Center,"GreaterAfrican,Muslim",0.0076393564,0.9572013,0.019621095,0.015538183999999998,0.0003772393,0.0004223091,0.032003842,0.06255854,0.47972196,0.09826673,0.026950374,0.021489628,0.05137435,0.17075118,0.012539624,0.016875949,0.026668293,white
Nomi Harris,female,0.8659979274030714,0.13400207259692906,United States,Lawrence Berkeley National Laboratory,"GreaterEuropean,British",0.50114554,0.48790950000000005,0.010344573000000001,0.0006004094999999999,0.0008829318,0.0013189137,0.0049692537,0.008188958,0.0029707751,0.881407,0.0015946229,0.013588145,0.0014417577,0.06153368,0.015556779,0.0050410717,0.0015062279,black
Jennifer Harrow,male,0.20424982548744489,0.7957501745125553,United Kingdom,ELIXIR,"GreaterEuropean,British",0.17199239,0.79746336,0.024279006000000002,0.0062652556,0.0018953701,0.0020774999,0.0042396905,0.0112868585,0.0023698271,0.9013274,0.0022412564,0.010638539,0.0016002385,0.03939664,0.018001592,0.0028368894,0.0020881824,white
Robin Haw,male,0.4411264703893052,0.5588735296106946,Canada,Ontario Institute for Cancer Research,"GreaterEuropean,British",0.16030987,0.8091881999999999,0.019527111,0.010974815,0.06902108,0.0075002634,0.0039026283,0.0021110098,0.003407457,0.8303841,0.004166525,0.013256407,0.002363768,0.044564452,0.0060072504,0.003922404,0.009392611,white
Michael Heuer,male,0.4961049868702132,0.5038950131297869,Unknown,,"GreaterEuropean,WestEuropean,Germanic",0.008687424499999999,0.97043794,0.011929432,0.008945243,0.030082222,0.00059044966,0.0058369823,0.003268575,0.01501531,0.07118784,0.04525111,0.12169298,0.3292454,0.29485804,0.061076935,0.0021771048,0.019717125,white
Peter van Heusden,male,0.20424982548744489,0.7957501745125553,Unknown,,"GreaterEuropean,British",0.009833223,0.9707418,0.0133514805,0.00607349,0.0058961106,0.0011996017,0.0018728224,0.003963805,0.0030256072,0.39528707,0.04016723,0.023520023,0.08080721,0.27565572,0.017046511,0.022606924,0.12895145,white
Uwe Hilgert,female,0.7589323620194499,0.24106763798055,United States,University of Arizona,"GreaterEuropean,WestEuropean,Germanic",0.022130884,0.9641120000000001,0.009741416,0.0040157638,0.011521932,0.0049180975,0.0005531393,0.001319311,0.0064182845,0.18231578,0.037513267,0.081076525,0.33819148,0.0884955,0.08279197,0.010264037,0.15462072,white
Jennifer Hillman-Jackson,male,0.20424982548744489,0.7957501745125553,United States,Penn State University,"GreaterEuropean,British",0.13867663,0.8400064,0.0164615,0.0048555094,0.0008043247,0.0009427173,0.001634907,0.0010696123,7.654048e-05,0.95673144,0.0011836232,0.008065835,0.0014717651,0.014454523,0.010137022,0.001219373,0.0022084457,white
Saskia Hiltemann,female,0.9825659675953974,0.017434032404602017,The Netherlands,Erasmus MC,"GreaterEuropean,WestEuropean,Germanic",0.006904201600000001,0.9733235999999998,0.013015108000000001,0.006757029,0.002277837,0.0029401325,0.002913535,0.0037509701,0.0015907073,0.07988341,0.003973739,0.0176404,0.7233068,0.015133727,0.017748572,0.00848139,0.120358795,white
Nils Hoffmann,male,0.2957672109366553,0.7042327890633447,Germany,Leibniz-Institut fÃ¼r Analytische Wissenschaften â€“ ISAS â€“ e.V.,"GreaterEuropean,WestEuropean,Germanic",0.0035258221999999997,0.9747078000000001,0.015160873500000002,0.006605519,0.0019116327,0.0036827838,0.00024912687,0.00064462406,0.0019484367,0.07120787,0.024688315,0.05009445,0.46314734,0.25763413,0.056892846,0.011514867,0.056383476,white
Karsten Hokamp,male,0.4411264703893052,0.5588735296106946,Ireland,Trinity College Dublin,"GreaterEuropean,British",0.011723001,0.9330129999999999,0.015305958,0.039958033999999996,0.032219313,0.20401892,0.03603713,0.16366512,0.04752088,0.28873384,0.004038179,0.025982738,0.03055988,0.04697289,0.04645052,0.00743881,0.06636184,white
Neil Chue Hong,male,0.4961049868702132,0.5038950131297869,United Kingdom,Software Sustainability Institute,"Asian,GreaterEastAsian,EastAsian",0.0074601680000000005,0.04775261,0.022271577,0.92251563,0.9522491,0.001706468,0.00021396321,0.0010918223,0.0008084558,0.033146977,0.0012987034,0.00282148,0.00082014734,0.0017466776,0.0018024264,0.00023566815,0.002058098,api
Hans-Rudolf Hotz,male,0.0963157854487257,0.9036842145512738,Switzerland,Friedrich Miescher Institute for Biomedical Research,"GreaterEuropean,Jewish",0.010834293,0.97666067,0.00860005,0.0039050070000000003,0.010401266,0.03799294,0.00088263274,0.0022307772,0.0045426656,0.157223,0.14228365,0.064694256,0.090805136,0.301786,0.071915455,0.013460205,0.101781905,white
Pratik Jagtap,male,0.052331067100742035,0.9476689328992576,United States,University of Minnesota,"Asian,IndianSubContinent",0.08819062,0.6848314999999999,0.09657219,0.13040562,0.00016523224,9.4833136e-05,0.42324814,0.003851605,0.18532129,0.24781683,0.012373999,0.0030466774,0.00851424,0.03560694,0.0063604484,0.0021616172,0.0714382,white
Brandenburg Jean-Tristan,male,0.2503492752892084,0.7496507247107911,South Africa,University of the Witwatersrand,"GreaterEuropean,Jewish",0.032839123,0.5781854000000001,0.37515956,0.013815899999999999,0.0012184733,0.0020497793,0.0028232245,0.004960074,0.008676056,0.26584536,0.029641682,0.013188474,0.051354833,0.557461,0.028075084,0.00718038,0.027525404,white
James Johnson,male,0.2957672109366553,0.7042327890633447,United States,University of Minnesota,"GreaterEuropean,British",0.36471123,0.6181873,0.014731538,0.002369868,0.0057964013,0.0039085713,0.007982787,0.015191106,0.0013736937,0.90252733,0.0006512446,0.023272684,0.002019411,0.008101471,0.01439233,0.00441977,0.010363085,white
Jayadev Joshi,male,0.1317918490803432,0.8682081509196571,United States,Cleveland Clinic,"Asian,IndianSubContinent",0.018906748,0.07457439999999999,0.029953979,0.87656486,0.006675084,0.010979627,0.8092887,0.003467099,0.13715392,0.0044821193,0.0013533854,0.0029996042,3.456727e-05,0.016001252,0.0020261894,0.0041290014,0.0014095607,api
Venice Juanillas,female,0.7589323620194499,0.24106763798055,Philippines,International Rice Research Institute,"GreaterEuropean,WestEuropean,Hispanic",0.0012080731,0.03911681,0.91542256,0.044252515,0.00021449766,0.0023364143,0.012732367,0.016964834,0.021560304,0.04889121,0.00067666476,0.02625741,0.004751891,0.028050285,0.8259455,0.011043921,0.0005747025,hispanic
Matus Kalas,male,0.2957672109366553,0.7042327890633447,Norway,University of Bergen,"Asian,IndianSubContinent",0.019548556,0.9326409999999999,0.008563555,0.03924687,0.0015081904,0.0004794916,0.43257487,0.035323635,0.11581167,0.044227492,0.08791133,0.03516038,0.033135004,0.15747486,0.029529925,0.010087926,0.016775267,white
Alexandros Katerakis,male,0.2957672109366553,0.7042327890633447,Unknown,,"GreaterEuropean,WestEuropean,Italian",0.055320438,0.9330511999999999,0.008764431,0.0028638967999999997,0.014970569,0.012222433,0.064435095,0.07025733,0.10527357,0.07611621,0.12852074,0.10573801,0.11649645,0.07711681,0.05951854,0.14209594,0.027238328,white
Amir Kermany,male,0.20424982548744489,0.7957501745125553,Canada,Databricks,"GreaterEuropean,British",0.069147155,0.9057349,0.01690522,0.008212677,0.009553276,0.00057205954,0.065525554,0.04838346,0.10768428,0.22573929,0.006241623,0.2134384,0.2057244,0.07589068,0.025840659,0.008144072,0.0072622583,white
Aziz Khan,male,0.233666578177632,0.7663334218223676,United States,Stanford University,"GreaterAfrican,Muslim",0.028517692999999997,0.14236024,0.008075687,0.8210464,0.013488286,0.00019282714,0.36130553,0.008867017,0.56467426,0.02804362,0.0067161233,0.0060119177,0.0009809525,0.0020684956,0.0023714716,0.0013857298,0.0038937689,api
Alireza Khanteymoori,female,0.9825659675953974,0.017434032404602017,Germany,University of Freiburg,"Asian,IndianSubContinent",0.07259236,0.8169086999999999,0.048987955,0.061510913,0.007966731,0.00076882815,0.6004169,0.008556344,0.20434405,0.041084465,0.03759941,0.0068678823,0.0048997444,0.06779485,0.012638627,0.006566276,0.00049590593,white
Kiavash Kianfar,female,0.5456744045493539,0.4543255954506458,United States,Databricks,"GreaterAfrican,Africans",0.013087598,0.95258766,0.020881487,0.013443199,0.1235602,0.010146107,0.018088844,0.30989182,0.053576443,0.21171163,0.040800255,0.038219374,0.00615089,0.06952727,0.09273632,0.022639059,0.002951748,white
Charles Hadley King,male,0.2957672109366553,0.7042327890633447,United States,George Washington University,"GreaterEuropean,British",0.22653335,0.74921507,0.019421436,0.0048301574,0.02997359,0.0012035477,0.0056476626,0.0029460853,0.0055005145,0.79549164,0.014490247,0.031172056,0.008706481,0.06598302,0.0113745555,0.0031211744,0.024389613,white
Melanie Kirsche,female,0.7589323620194499,0.24106763798055,United States,Johns Hopkins University,"GreaterEuropean,British",0.013315495,0.969356,0.009320356,0.0080082,0.020549605,0.0014390126,0.003764671,0.072073705,0.00418758,0.35668218,0.06087246,0.18646242,0.02324096,0.11797362,0.07386987,0.04307,0.03581389,white
Boi Kone,female,0.8659979274030714,0.13400207259692906,Mali,Malaria Research and Training Center,"GreaterEuropean,British",0.02491179,0.95645577,0.013086458999999998,0.0055458999999999994,0.006697154,0.15646861,0.077217,0.09756325,0.10312095,0.1800344,0.040707584,0.074069224,0.03145359,0.16794707,0.0055647637,0.01662665,0.04252966,white
Michael Kotliar,male,0.4961049868702132,0.5038950131297869,United States,Cincinnati Childrenâ€™s Hospital Medical Center,"Asian,IndianSubContinent",0.006503711,0.9676040000000001,0.014599561,0.011292759,0.004630457,0.0006413337,0.63815904,0.009836409,0.11029326,0.017350761,0.1028092,0.0059058513,0.0056304284,0.08233616,0.012695374,0.0019949584,0.007716755,white
Sam Kovaka,male,0.13483243662544891,0.8651675633745514,United States,Johns Hopkins University,"Asian,GreaterEastAsian,Japanese",0.0021634088,0.9420091,0.019564135,0.03626338,0.038121212,0.5349827,0.12985009,0.014889924,0.005640136,0.13666572,0.08394926,0.010686045,0.0008612705,0.03304933,0.0051205745,0.0056874985,0.00049628416,white
Ambarish Kumar,female,0.5456744045493539,0.4543255954506458,Unknown,,"Asian,IndianSubContinent",0.0028800173,0.07594266,0.0024157901999999998,0.91876143,3.3683842e-05,9.614155e-05,0.99422425,0.00049793534,0.0030797806,0.00064413005,8.1487655e-05,0.0001707816,9.017901e-05,0.0006781365,0.00027111854,4.2362255e-05,8.999387e-05,api
Anup Kumar,male,0.1317918490803432,0.8682081509196571,Unknown,,"Asian,IndianSubContinent",0.0028800173,0.07594266,0.0024157901999999998,0.91876143,3.3683842e-05,9.614155e-05,0.99422425,0.00049793534,0.0030797806,0.00064413005,8.1487655e-05,0.0001707816,9.017901e-05,0.0006781365,0.00027111854,4.2362255e-05,8.999387e-05,api
Mateusz Kuzak,male,0.233666578177632,0.7663334218223676,The Netherlands,The Netherlands eScience Center,"Asian,GreaterEastAsian,Japanese",0.00052619586,0.9855524,0.012286692,0.0016347498999999999,0.061213266,0.3502638,0.032856464,0.08435887,0.18921794,0.01722882,0.13710205,0.015225397,0.00058203604,0.088272214,0.004939226,0.0024434507,0.0162964,white
Eunchae Kwon,female,0.7589323620194499,0.24106763798055,Unknown,,"Asian,GreaterEastAsian,EastAsian",0.0003521493,0.005359923000000001,0.0046991752,0.98958886,0.98210514,0.0002442622,1.3368918e-05,0.0060453597,3.8868333e-05,0.0060007805,0.0022266216,0.0014975622,0.00013387858,0.000992628,9.252677e-05,0.00057763146,3.1437656e-05,api
Brad Langhost,male,0.14564986557001305,0.8543501344299869,United States,NEB,"GreaterEuropean,British",0.027965587000000004,0.93167305,0.011811273,0.028550066000000002,0.011593972,0.0023991934,0.000723447,0.0011384968,0.0014917459,0.72144556,0.0027564175,0.21412212,0.006819268,0.008381043,0.016855309,0.0009788559,0.011294502,white
Delphine Lariviere,female,0.7589323620194499,0.24106763798055,United States,Penn State University,"GreaterEuropean,WestEuropean,French",0.11567679,0.8523624,0.025347522,0.006613295999999999,0.000986336,4.622194e-05,0.0015109844,0.0007397041,9.097097e-05,0.04551591,0.0002392233,0.92681396,0.00032435925,0.0011544471,0.007065455,0.014391015,0.0011214679,white
Gary Lau,female,0.5786625849764301,0.42133741502356975,Unknown,,"Asian,GreaterEastAsian,EastAsian",0.0014785016000000001,0.025376717000000003,0.00371336,0.9694314,0.93364066,0.002144815,0.006463551,0.00036243044,0.0009803089,0.013443841,0.0013412158,0.017609354,0.003439005,0.0011613889,0.0026812924,0.0060117925,0.01072026,api
Vincenzo Laveglia,male,0.17846431317726094,0.8215356868227393,Italy,CIRMMP Florence,"GreaterEuropean,WestEuropean,Italian",0.006037094000000001,0.9804622,0.011225343999999998,0.0022753226,6.9274756e-05,0.001294216,0.00047123813,0.0004556379,0.00087591744,0.02724396,0.0014548555,0.07466499,0.0010133028,0.0080574965,0.11835972,0.76510847,0.0009309051,white
Weiling Li,male,0.2503492752892084,0.7496507247107911,United States,Indiana University Bloomington,"Asian,GreaterEastAsian,EastAsian",0.0024087582999999997,0.011033538,0.0071228365,0.97943497,0.9548798,0.0005610909,0.00054387405,0.00020113999,0.0026640457,0.019957615,0.0013682372,0.0014352574,0.0016812311,0.0063463706,0.0010487752,0.0030851774,0.0062273284,api
Andrew Lonsdale,male,0.21459937010638025,0.7854006298936195,Australia,Peter MacCallum Cancer Centre,"GreaterEuropean,British",0.06184353,0.91425055,0.013557296000000002,0.010348638,0.00072842516,0.00036583046,0.0005376742,0.0011310069,0.0014873066,0.8429144,0.0019483168,0.074893855,0.0021287806,0.018004997,0.00601808,0.044801652,0.0050398353,white
Lucille Lopez-Delisle,female,0.7589323620194499,0.24106763798055,Switzerland,EPFL SV ISREC UPDUB,"GreaterEuropean,British",0.03200629,0.95050037,0.010410135,0.007083161700000001,0.00106508,0.0007544212,0.0014278984,0.0075159688,0.007864984,0.4653765,0.005170206,0.23281932,0.016472941,0.035034765,0.12105862,0.10118258,0.004256681,white
Ann Loraine,male,0.4411264703893052,0.5588735296106946,United States,University of North Carolina Charlotte,"GreaterEuropean,WestEuropean,French",0.06383579,0.8614274,0.05011138,0.024625394,0.0016945129,0.007128459,0.0009116181,0.0028897654,0.0023810086,0.04677576,0.008098892,0.6181812,0.001571994,0.011897223,0.09442965,0.20336734,0.0006726269,white
Richard Lupat,male,0.14564986557001305,0.8543501344299869,Australia,Peter MacCallum Cancer Centre,"GreaterEuropean,WestEuropean,French",0.017699769,0.8606461999999999,0.048808612,0.07284545,0.0049314993,0.0021245186,0.0040581194,0.0035478512,0.005626607,0.041019015,0.0017021737,0.51627433,0.0026067174,0.019069493,0.019015297,0.37583765,0.004186706,white
Rachel Lyne,male,0.4961049868702132,0.5038950131297869,United Kingdom,University of Cambridge,"GreaterEuropean,British",0.08748315,0.8997043,0.010533273999999999,0.0022792383,0.0032905845,0.0029180278,0.0017233711,0.0016878115,0.001303959,0.9130146,0.0022269466,0.012296004,0.0006793805,0.03979495,0.008130047,0.0022109516,0.010723483,white
Tom Madden,male,0.13483243662544891,0.8651675633745514,United States,NIH,"GreaterEuropean,British",0.046423208,0.9274846,0.018340443999999997,0.007751744200000001,0.0034103256,0.0013954418,0.00978627,0.0029717856,0.0031972763,0.8997102,0.0011050107,0.019429097,0.010820543,0.015056235,0.0063414234,0.021665186,0.005111236,white
Alexandru Mahmoud,male,0.3425244505862309,0.6574755494137693,United States,Johns Hopkins University,"GreaterAfrican,Muslim",0.121954605,0.8009635,0.024385992000000002,0.05269584,0.0013001203,0.000318483,0.004739736,0.052717634,0.68805164,0.007510754,0.0008222128,0.1850338,0.00079880987,0.004173628,0.002401464,0.00097496464,0.051156823,white
Jessica Maia,female,0.9825659675953974,0.017434032404602017,Unknown,,"GreaterEuropean,WestEuropean,Italian",0.026619101000000003,0.8706871999999999,0.069125995,0.03356768,0.08482323,0.025604848,0.13147305,0.065176256,0.052235063,0.10543127,0.0051382245,0.16895384,0.0040380484,0.016279474,0.14084834,0.19701685,0.0029815002,white
Wolfgang Maier,male,0.2503492752892084,0.7496507247107911,Germany,University of Freiburg,"GreaterEuropean,WestEuropean,French",0.10001683,0.8663139000000001,0.021995671,0.011673686,0.02401021,0.008379304,0.014835627,0.0042520515,0.014591032,0.14692765,0.021907777,0.5066348,0.10520905,0.07116919,0.024126206,0.009767847,0.04818925,white
Igor Makunin,male,0.20424982548744489,0.7957501745125553,Australia,QFAB,"GreaterEuropean,EastEuropean",0.06092845,0.8485519,0.03366475,0.056854885,0.017997235,0.123481244,0.0028556413,0.030275593,0.044462796,0.021931788,0.54997575,0.011537334,0.0015827719,0.15333675,0.025411552,0.016886828,0.00026481375,white
Pietro Mandreoli,male,0.17846431317726094,0.8215356868227393,Italy,University of Milan,"GreaterEuropean,WestEuropean,Italian",0.0017358776,0.96495473,0.013072793000000001,0.020236656000000002,0.0009407744,0.0010881431,0.0141924815,0.003992953,0.000993753,0.023512645,0.009424519,0.014451176,0.0045332876,0.012620502,0.024950251,0.888688,0.000611472,white
Raul Ivan Perez Martell,male,0.4961049868702132,0.5038950131297869,Canada,University of Victoria,"GreaterEuropean,British",0.06440669,0.90439993,0.027685735,0.0035075565999999996,0.009720176,0.0007941037,0.0067437305,0.0017643847,0.001012655,0.8204177,0.008196841,0.034393564,0.0055690934,0.08349714,0.018233124,0.003327475,0.006330012,white
Andre Masella,female,0.7589323620194499,0.24106763798055,Canada,Ontario Institute for Cancer Research,"GreaterEuropean,WestEuropean,Italian",0.0034061271999999997,0.95135003,0.030935202000000002,0.014308618,6.618095e-05,0.00053591,0.0096945595,0.06942806,0.0007628358,0.028535027,0.0012179292,0.009302965,0.0013802156,0.0046533444,0.06689682,0.80744445,8.1750935e-05,white
Ramil Mauleon,male,0.4961049868702132,0.5038950131297869,Australia,Southern Cross University,"GreaterEuropean,WestEuropean,French",0.084829114,0.59208035,0.1988373,0.124253266,0.03946986,0.00034558965,0.013409071,0.055145826,0.0008342873,0.28790897,0.0040260674,0.54242134,0.006534619,0.0143223945,0.012656316,0.015339932,0.0075857937,white
Ken McNally,male,0.4411264703893052,0.5588735296106946,Philippines,International Rice Research Institute,"GreaterEuropean,British",0.090652384,0.89023745,0.016727105,0.0023830202,0.0008379821,0.0014793619,5.3092568e-05,0.00069686177,7.629437e-05,0.9826634,6.443387e-05,0.003612349,0.00016481611,0.0024420195,0.0047662933,0.0029880812,0.00015492967,white
Subina Mehta,female,0.9825659675953974,0.017434032404602017,United States,University of Minnesota,"Asian,IndianSubContinent",0.0002656425,0.01010556,0.004744249,0.9848844999999999,0.00055928895,0.0041590463,0.9353002,0.016613878,0.02786381,0.007261867,0.0025643737,0.0027421108,0.001086194,0.00094013277,0.00037018338,0.00036251135,0.00017644072,api
Patrick Metzger,male,0.052331067100742035,0.9476689328992576,Unknown,,"GreaterEuropean,Jewish",0.00785807,0.97457945,0.012677269,0.004885229699999999,0.0056744553,0.010463888,0.0009041692,0.011518114,0.0029130492,0.24816744,0.021366252,0.03549402,0.06151745,0.51607734,0.023361314,0.052583564,0.009958935,white
Milad Miladi,male,0.14564986557001305,0.8543501344299869,Germany,University of Freiburg,"GreaterAfrican,Muslim",0.06306478,0.7787496,0.030957956000000002,0.12722774,0.0015256144,0.0033554877,0.09816791,0.0858484,0.32731897,0.058113787,0.017468423,0.046351675,0.005303768,0.05792964,0.07572536,0.21816911,0.0047217067,white
Michael Milton,male,0.4961049868702132,0.5038950131297869,Australia,Melbourne Genomics,"GreaterEuropean,British",0.28475806,0.6960850000000001,0.014066918999999999,0.005090061,0.0006999679,0.0020451378,0.0044053416,0.0030984515,0.00082355493,0.9154347,0.0027357119,0.024798777,0.0023598024,0.016881919,0.0049716197,0.0063867182,0.015358193,white
Pablo Moreno,male,0.17846431317726094,0.8215356868227393,United Kingdom,EMBL-EBI European Bioinformatics Institute,"GreaterEuropean,WestEuropean,Hispanic",0.001856627,0.064706944,0.9203553,0.013081078999999999,0.0018848056,0.0033756453,0.0004847044,0.007752397,0.00037062383,0.010825468,0.00025100968,0.01828019,0.001267279,0.007225081,0.87988585,0.06787521,0.0005217734,hispanic
Martin Morgan,male,0.4411264703893052,0.5588735296106946,United States,Roswell Park Comprehensive Cancer Center,"GreaterEuropean,British",0.21394645,0.77202255,0.011469468,0.002561517,0.0003746447,0.00055568217,0.016850052,0.001083616,0.0116754975,0.90467626,0.002325277,0.009719644,0.0012109438,0.03235284,0.004949066,0.0056603285,0.008566331,white
Niema Moshiri,female,0.9825659675953974,0.017434032404602017,United States,"University of California, San Diego","Asian,GreaterEastAsian,Japanese",0.016947597,0.61216855,0.009558262,0.36132565,0.0045520794,0.95632094,0.0004607304,0.0014201351,0.019997269,0.0031740929,0.00073772104,0.0030755093,0.00020371628,0.0036826318,0.002695974,0.0036364093,4.2849697e-05,white
Moni Munoz-Torres,female,0.8659979274030714,0.13400207259692906,United States,Oregon State University,"GreaterEuropean,WestEuropean,Hispanic",0.0020846783,0.072753325,0.91321725,0.011944706000000001,0.0023080034,0.00035471324,0.0020036655,0.030517606,0.0028156897,0.065341346,0.006571038,0.017956978,0.0075516617,0.064536065,0.79134285,0.006084765,0.0026156188,hispanic
Anton Nekrutenko,male,0.4411264703893052,0.5588735296106946,United States,Penn State University,"GreaterEuropean,EastEuropean",0.0012124772999999999,0.97028863,0.023886677000000002,0.0046122144,0.002053846,0.00026698995,0.0013050982,0.009315768,0.006729002,0.008849516,0.9241713,0.023931907,0.001681006,0.012362002,0.005223067,0.003994974,0.00011553518,white
Evan Nemerson,male,0.4411264703893052,0.5588735296106946,United States,,"GreaterEuropean,British",0.18236634,0.7984204,0.016992413999999997,0.0022208642,0.0009388476,0.0008882106,0.0011413952,0.012332925,0.0033237154,0.6711677,0.0089554675,0.1761111,0.005399061,0.021515576,0.007161562,0.008021942,0.08304269,white
Frank Nothaft,male,0.052331067100742035,0.9476689328992576,United States,Databricks,"GreaterEuropean,British",0.053729143,0.9368398000000001,0.0058252146,0.0036057783,0.012142922,0.0010539993,0.010052741,0.0053252545,0.02605225,0.43554187,0.057439215,0.058011804,0.08795192,0.26056373,0.003256621,0.0051870905,0.037420474,white
Rodrigo Ortega-Polo,male,0.17846431317726094,0.8215356868227393,Canada,Agriculture and Agri-Food Canada,"GreaterEuropean,WestEuropean,Italian",0.024512463999999998,0.8462763000000001,0.1058252,0.023386054,0.0007571016,0.0004158513,0.00035037467,0.015513908,0.00045357394,0.025185835,0.0099907685,0.017415438,0.007342585,0.0057047335,0.041741103,0.8745536,0.0005750861,white
Alex Ostrovsky,female,0.5004654836097148,0.4995345163902852,United States,Johns Hopkins University,"GreaterEuropean,EastEuropean",0.00045049505,0.9930524,0.005959231999999999,0.0005378701,5.4775788e-05,0.000110543806,1.8630588e-05,0.00014406622,0.0006236224,0.0039262827,0.7835353,0.0028844685,0.0023197809,0.16309084,0.040885452,0.0019384464,0.00046772795,white
Charles Overbeck,male,0.2957672109366553,0.7042327890633447,United States,"University of California, Santa Cruz","GreaterEuropean,British",0.020427845,0.96790904,0.009808868,0.00185427,0.0101819495,0.016759804,0.0023345153,0.0030244673,0.0023419342,0.6603043,0.028851753,0.035905246,0.031670883,0.15573665,0.026596677,0.0063115046,0.019980289,white
Lee Pang,female,0.7589323620194499,0.24106763798055,United States,Amazon Web Services,"Asian,GreaterEastAsian,EastAsian",0.0068118297,0.025239268,0.009878537,0.95807034,0.87055284,0.002382733,0.012810785,0.0029672983,0.0027856373,0.035590217,0.015502772,0.015609514,0.0035285796,0.0161034,0.012568952,0.0026126448,0.0069845626,api
Natalie Perez,female,0.7589323620194499,0.24106763798055,United States,"University of California, Santa Cruz","GreaterEuropean,WestEuropean,Hispanic",0.002379815,0.04870145,0.9368685,0.012050251000000001,0.0010087108,0.010512297,0.024345605,0.010723603,0.014492491,0.06365577,0.014372436,0.16445771,0.005344542,0.07238156,0.52117497,0.09632652,0.0012037841,hispanic
Lorcan Pigott-Dix,male,0.4411264703893052,0.5588735296106946,United Kingdom,Earlham Institute,"GreaterEuropean,British",0.08726796,0.89318424,0.016444178,0.0031036183000000004,0.0019491798,0.001391262,0.0011108199,0.0013178474,0.0005263129,0.49548614,0.00021242657,0.4378353,0.0038466216,0.013798666,0.027970647,0.014056033,0.00049876614,white
Yuri Pirola,female,0.8659979274030714,0.13400207259692906,Italy,"DISCo, Univ. degli Studi di Milano-Bicocca","GreaterEuropean,WestEuropean,Italian",0.015753845,0.8802629000000001,0.094146594,0.00983666,0.00048294003,0.00037758402,0.002903128,0.004111241,0.0012914239,0.04916351,0.014235593,0.06482768,0.0019755075,0.03671515,0.19924577,0.6239835,0.0006869401,white
Alise Jany Ponsero,female,0.7589323620194499,0.24106763798055,United States,University of Arizona,"GreaterEuropean,WestEuropean,Hispanic",0.02133153,0.48638853,0.4399759,0.052304037000000005,0.0013882313,0.0035397585,0.0068128286,0.0015783919,0.0008645014,0.06483878,0.0034135785,0.037466906,0.002772188,0.010193814,0.55863035,0.30834094,0.00015966829,white
Bernie Pope,female,0.7589323620194499,0.24106763798055,Australia,University of Melbourne,"GreaterEuropean,British",0.19025056,0.7773797,0.028157089,0.004212608,0.005469589,0.00093727745,0.0029428757,0.0037591488,0.0028505637,0.72138053,0.005295573,0.14030455,0.010134569,0.014454421,0.048204508,0.042411566,0.0018549584,white
Erinija Pranckeviciene,female,0.9825659675953974,0.017434032404602017,Lithuania,Vilnius University,"GreaterEuropean,British",0.11291709,0.8685822,0.013501447,0.004999239,0.01707338,0.0006586853,0.0004473045,0.0092705805,0.0012518703,0.44769293,0.009189531,0.18655542,0.007785655,0.100662984,0.067389555,0.1336481,0.01837399,white
Gareth Price,female,0.5456744045493539,0.4543255954506458,Australia,QSIF Facility for Advanced Bioinformatics,"GreaterEuropean,British",0.19400784,0.7954220000000001,0.00859229,0.0019778558,0.00135477,0.00097391603,0.0029753426,0.0023470258,0.001965643,0.93629074,0.0024219372,0.015451441,0.0008593816,0.007690165,0.008209948,0.018522494,0.0009370691,white
Abd Rahim,male,0.14564986557001305,0.8543501344299869,Malaysia,Universiti Tenaga Nasional,"GreaterAfrican,Muslim",0.044734325,0.28624,0.0037457375,0.66527987,0.0016413128,0.00027542695,0.1467896,0.052442957,0.7362778,0.0036423164,0.0039031066,0.008344374,0.003942571,0.031873967,0.0053130356,0.0013677418,0.004185705,api
Andrew T Rajcewski,male,0.21459937010638025,0.7854006298936195,United States,University of Minnesota,"GreaterEuropean,Jewish",0.00023214892000000004,0.9833968000000001,0.014476441999999999,0.0018946368,0.0053767553,0.0147982985,0.1221076,0.013689965,0.05396874,0.12062974,0.10852301,0.13490145,0.025692355,0.36269712,0.013825635,0.01546966,0.008319696,white
Jolene Ramsey,female,0.7589323620194499,0.24106763798055,United States,Texas A&M University,"GreaterEuropean,British",0.15785517,0.81758153,0.021818781000000002,0.0027445094,0.0036025294,0.00028689633,0.11405995,0.002924999,0.00686172,0.8362125,0.00024216739,0.02242674,0.0008762641,0.00640195,0.0038629454,0.0013297212,0.000911669,white
Helena Rasche,female,0.9825659675953974,0.017434032404602017,Germany,Galaxy Europe,"GreaterEuropean,WestEuropean,French",0.05904641,0.6971090999999999,0.21840282,0.025441676,0.008325131,0.0004363431,0.017554259,0.053280883,0.0037614573,0.2791369,0.0050373645,0.29664457,0.018029517,0.06755868,0.13370696,0.09925396,0.01727397,white
Maarten Reijnders,male,0.4411264703893052,0.5588735296106946,Switzerland,University of Lausanne,"GreaterEuropean,British",0.025223425,0.9532303,0.018981552,0.0025647038,0.002419294,0.002021876,0.0025768178,0.0024723427,0.0058059767,0.4333444,0.016904792,0.025950314,0.29976696,0.16467479,0.022170458,0.013531452,0.008360552,white
Nicholas Rhodes,male,0.2957672109366553,0.7042327890633447,Australia,Queensland Facility for Advanced Bioinformatics,"GreaterEuropean,British",0.24075553,0.7386807,0.017020453,0.0035433162,0.002605431,0.000963234,0.003294257,0.009259564,0.00058053754,0.9597648,0.0010750039,0.0089426935,0.0012728932,0.0032504452,0.0062941164,0.0013347289,0.0013622994,white
Peter Rice,male,0.20424982548744489,0.7957501745125553,United Kingdom,Oryza Bioinformatics Ltd.,"GreaterEuropean,British",0.1598731,0.8207789000000001,0.016582858,0.0027652364,0.0024628397,0.0074565345,0.009725868,0.0069799027,0.018202575,0.70448214,0.007923471,0.02610961,0.006465801,0.07909507,0.056420118,0.050233744,0.024442272,white
Nathan Roach,male,0.4411264703893052,0.5588735296106946,United States,Galaxy Works,"GreaterEuropean,British",0.10609539999999999,0.8681158000000001,0.016551228,0.009237616,0.027538594,0.014752664,0.0043904693,0.008201651,0.0049317144,0.6431773,0.02897359,0.06945576,0.050204314,0.06858277,0.031150643,0.01955985,0.029080776,white
Neha Roy,female,0.9825659675953974,0.017434032404602017,South Korea,Kangwon National University,"Asian,IndianSubContinent",0.06274724,0.85591865,0.037396543,0.043937523,0.00238137,0.000857844,0.73580575,0.0009140319,0.031086784,0.055776436,0.003936832,0.13899662,0.0037064746,0.0027618331,0.019225966,0.0038365396,0.0007136323,white
Coline Royaux,female,0.7589323620194499,0.24106763798055,France,French National Museum of Natural History,"GreaterEuropean,WestEuropean,French",0.10791614,0.863458,0.027750663,0.00087530183,0.0056414288,0.00043939974,0.018296001,0.0096960915,0.0063857734,0.03632415,0.0026145128,0.85751843,0.0021267333,0.011491159,0.037012305,0.010601584,0.0018524366,white
Sangram Keshari Sahu,male,0.13483243662544891,0.8651675633745514,India,Shivom,"Asian,IndianSubContinent",0.08201236,0.5203108,0.2564779,0.14119892,0.015337967,0.013600377,0.5417437,0.04819932,0.16658138,0.026939863,0.0061503327,0.055445947,0.002593461,0.08571706,0.011775412,0.022375014,0.0035401771,white
Ray Sajulga,female,0.5786625849764301,0.42133741502356975,United States,National Marrow Donor Program,"GreaterEuropean,WestEuropean,Hispanic",0.0033409840000000004,0.06632171,0.9037603999999999,0.026576972999999997,0.001639385,0.004290509,0.039623816,0.21469039,0.015196723,0.008424525,0.008092976,0.07291789,0.0012759734,0.0033085202,0.6022624,0.024913928,0.0033628915,hispanic
Varuni Sarwal,female,0.8659979274030714,0.13400207259692906,India,Indian Institute of Technology Delhi,"Asian,IndianSubContinent",0.0058343119999999995,0.07838491,0.0036502064,0.91213053,0.00019962067,0.00022618368,0.8591591,0.0031716682,0.100361325,0.0026285,0.0001647583,0.0034520912,0.00013775383,0.00050122186,0.027329138,0.0011038635,0.0015647792,api
Till Sauerwein,male,0.4961049868702132,0.5038950131297869,Germany,Institute for Molecular Infection Biology,"GreaterEuropean,Jewish",0.0042516957000000005,0.97755957,0.015454299,0.0027344225,0.0108841555,0.0003262734,0.0023148446,0.0008835886,0.006804488,0.17911841,0.0097739315,0.13382311,0.048299737,0.5883599,0.015906554,0.0020017498,0.0015033174,white
Kevin Sayers,male,0.4411264703893052,0.5588735296106946,Spain,Seqera Labs,"GreaterEuropean,British",0.22175671,0.7527224,0.01901414,0.0065067373,0.016750813,0.0033721044,0.029062932,0.0051971846,0.025758158,0.76358706,0.009077545,0.056924514,0.0041537844,0.043014225,0.016425261,0.019955413,0.006721062,white
Michael Schatz,male,0.4961049868702132,0.5038950131297869,United States,Johns Hopkins University,"GreaterEuropean,Jewish",0.0023674944,0.9779952,0.017487902,0.002149448,0.00091313786,0.0028358866,0.00048228647,0.0005085112,0.0014855398,0.012984751,0.045365535,0.105443425,0.33591273,0.3820059,0.06795208,0.020256251,0.023854015,white
Oliver Schilling,male,0.20424982548744489,0.7957501745125553,Germany,University of Freiburg,"GreaterEuropean,WestEuropean,Germanic",0.0030733014,0.9832155,0.011035796,0.0026753277,0.0035373045,0.0027129746,0.0010238092,0.0039233034,0.016975017,0.30744347,0.034022834,0.10384552,0.31490886,0.08158127,0.03439661,0.007310857,0.088318065,white
Karl Sebby,male,0.4961049868702132,0.5038950131297869,United States,Truwl,"GreaterEuropean,British",0.13086009,0.8501216999999999,0.016939258000000002,0.0020789383,0.0081092995,0.0010285658,0.0025230488,0.0044134213,0.026502779,0.8021625,0.0020025473,0.053502098,0.0020293132,0.049126156,0.005124262,0.0071460274,0.03632979,white
Tharindu Senapathi,male,0.3425244505862309,0.6574755494137693,South Africa,University of Cape Town,"Asian,IndianSubContinent",0.007937745999999999,0.09324472,0.0043976377,0.89441985,2.8315837e-05,0.00020178112,0.99604577,0.00057803874,0.001400079,0.001023761,1.9249379e-05,9.4573894e-05,1.6858294e-05,0.0002258331,8.1800375e-05,0.00028199673,2.0163336e-06,api
Malvika Sharan,female,0.9825659675953974,0.017434032404602017,United Kingdom,The Alan Turing Institute,"GreaterEuropean,Jewish",0.033621296,0.9372135,0.020290416000000002,0.008874746,0.015403037,0.0029308014,0.2553601,0.010403567,0.23806106,0.03878068,0.028475437,0.010169972,0.00068449456,0.37823036,0.019252121,0.0019687635,0.00027953315,white
Harsh Sharma,female,0.5456744045493539,0.4543255954506458,India,Amity University,"Asian,IndianSubContinent",0.003710411,0.04903554,0.017685743,0.92956835,5.1057985e-05,1.0698019e-05,0.9896717,0.0011427496,0.0044406764,0.0029045835,0.0005734245,0.00024086032,0.000116601914,0.0007189619,5.9814778e-05,3.401886e-05,3.4968933e-05,api
Beth Sheets,female,0.5456744045493539,0.4543255954506458,United States,"University of California, Santa Cruz","GreaterEuropean,British",0.06294012,0.9239579,0.009430901,0.0036710484000000002,0.013691062,0.042125814,0.013956673,0.020284098,0.017063718,0.40429637,0.106550336,0.015260738,0.00217354,0.33824092,0.022569805,0.0025619208,0.0012248985,white
Lori Shepherd,female,0.8659979274030714,0.13400207259692906,United States,Roswell Park Comprehensive Cancer Center,"GreaterEuropean,British",0.14093196,0.8443679000000001,0.012195356000000001,0.002504749,0.0030764192,0.0039857216,0.0051769544,0.0027575553,0.0007738038,0.9250499,0.0069058584,0.02354931,0.0010212808,0.021161482,0.0038374092,0.0022671558,0.00043715598,white
Beri Shifaw,female,0.8659979274030714,0.13400207259692906,United States,Broad Institute,"Asian,GreaterEastAsian,EastAsian",0.16675045,0.81902236,0.007612070500000001,0.006615102800000001,0.33876213,0.11523265,0.00081366976,0.12071212,0.015513041,0.24549356,0.011106181,0.007189611,0.00060861476,0.124201864,0.003987745,0.016099647,0.0002792608,white
Solomon Shorser,male,0.4411264703893052,0.5588735296106946,Canada,Ontario Institute for Cancer Research,"GreaterEuropean,British",0.03305056,0.9450871,0.014702851000000001,0.0071595144,0.0029274968,0.0033685577,0.020872004,0.0061992956,0.0029735854,0.5937469,0.014046606,0.014495049,0.003221942,0.29186022,0.03241966,0.008666093,0.0052025975,white
Michael Shtelma,male,0.4961049868702132,0.5038950131297869,Germany,Databricks,"GreaterEuropean,Jewish",0.04985939,0.8913085999999999,0.04859159,0.010240355500000001,0.002013938,0.00047981925,0.080562346,0.12645663,0.05448069,0.07264126,0.0702669,0.041553017,0.12893367,0.3466514,0.041035883,0.02622076,0.008703785,white
Harpreet Singh,male,0.296259606862796,0.7037403931372039,India,Hans Raj Mahila Maha Vidyalaya,"Asian,IndianSubContinent",0.016847383,0.09098026,0.014888443999999999,0.87728393,0.0006235421,9.232055e-05,0.9659761,0.0013966481,0.0055081192,0.02096285,0.00041214543,0.0007058798,7.347475e-05,0.0009434881,0.003125019,0.00012626415,5.4145326e-05,api
Muhammad Farhan Sjaugi,male,0.14564986557001305,0.8543501344299869,Malaysia,Perdana University,"GreaterEuropean,WestEuropean,Nordic",0.0026380105,0.9586621,0.031116262000000002,0.007583655999999999,0.00019373263,0.0004592008,6.2797066e-05,0.00079195516,0.0020561,0.0015809584,0.025501965,0.0023473303,0.004703359,0.015869364,0.00060884363,0.0049375584,0.9408868,white
Yuriy Skripchenko,female,0.5786625849764301,0.42133741502356975,United States,NCBI/ NLH,"GreaterEuropean,EastEuropean",0.0015208649,0.9671213,0.026047397000000003,0.005310497,0.0005845814,0.0010838417,0.00072294124,0.0065709245,0.0040542576,0.05025837,0.8019577,0.06316511,0.038289174,0.01706764,0.0056863953,0.0085689,0.0019901611,white
Clare Slogget,female,0.7589323620194499,0.24106763798055,Australia,University of Melbourne,"GreaterEuropean,British",0.014641488000000001,0.9641778,0.015908858,0.0052718758,0.010942778,0.0011206268,0.009160684,0.026887672,0.020103771,0.672188,0.016704556,0.12554835,0.008685553,0.017635044,0.023747914,0.010841328,0.056433767,white
Nicola Soranzo,female,0.9825659675953974,0.017434032404602017,United Kingdom,Earlham Institute,"GreaterEuropean,WestEuropean,Italian",0.005066587,0.8704179,0.10744114,0.017074388,0.0010813384,0.016178612,0.0004915116,0.004982439,0.00045035125,0.0073831403,0.00011667678,0.03925199,0.00069827575,0.0015559501,0.27241683,0.65513325,0.00025963373,white
Margaret Staton,male,0.296259606862796,0.7037403931372039,United States,"University of Tennessee, Knoxville","GreaterEuropean,British",0.28512484,0.68782264,0.024574144,0.0024784186,0.003827918,0.0035211118,0.00038034678,0.0038274033,0.0032312616,0.8011427,0.008072205,0.060476188,0.010026845,0.05377617,0.023755863,0.01729068,0.010671419,white
Garrett Stevens,male,0.296259606862796,0.7037403931372039,United States,"University of California, Berkeley","GreaterEuropean,British",0.14703517,0.8351943000000002,0.014633938,0.00313664,0.0055767735,0.0046256827,0.012309118,0.0027018678,0.004204965,0.8802885,0.004471115,0.0142427115,0.0135809155,0.027006313,0.0116749685,0.0046200566,0.014697066,white
Hirotaka Suetake,female,0.9825659675953974,0.017434032404602017,Japan,University of Tokyo,"Asian,GreaterEastAsian,Japanese",0.07870102,0.87713474,0.015353697,0.028810500000000003,0.034973875,0.6704202,0.029678652,0.01987624,0.0078382455,0.13441613,0.002890648,0.015302556,0.012059332,0.03641167,0.015485146,0.0035433716,0.017103834,white
Yi Sun,female,0.8659979274030714,0.13400207259692906,Germany,EMBL,"Asian,GreaterEastAsian,EastAsian",0.0043453095,0.028862234,0.005898517,0.9608939000000001,0.96799225,0.00968457,0.0024879093,0.0001064501,0.0007826554,0.0054557677,0.0035849374,0.0018886384,0.00022058487,0.0054060007,0.0010491239,0.0007770573,0.0005641259,api
Anantika Suri,female,0.9825659675953974,0.017434032404602017,India,Guru Nanak Dev University,"Asian,IndianSubContinent",0.09014586,0.64843005,0.07460722,0.18681684,0.00503439,0.05698719,0.7575038,0.018384203,0.07922103,0.0049598967,0.0012093897,0.016888777,0.00077507296,0.019458016,0.008008377,0.027469076,0.0041006873,white
Tyson Swetnam,male,0.4411264703893052,0.5588735296106946,United States,University of Arizona,"GreaterEuropean,British",0.014049903999999998,0.95961356,0.015426747,0.010909806999999999,0.0026311092,5.6768684e-05,0.19617991,0.004795743,0.0024105625,0.6771779,0.01589678,0.020377036,0.007874066,0.06143971,0.007476392,0.00096728496,0.0027166614,white
Anna Syme,female,0.9825659675953974,0.017434032404602017,Australia,Royal Botanical Gardens,"GreaterEuropean,British",0.03761988,0.9235609,0.033921473,0.004897642,0.005180977,0.00019453237,0.00781457,0.03557651,0.0019856861,0.82480884,0.009836062,0.020384045,0.010466515,0.05973256,0.020828757,0.0018456789,0.0013453402,white
Hui Tang,female,0.8659979274030714,0.13400207259692906,Norway,University of Oslo,"Asian,GreaterEastAsian,EastAsian",0.0044041034000000005,0.022321004,0.016497647,0.9567773,0.948773,0.0056607295,0.0019511356,0.0031130924,0.0019220662,0.02140709,0.001609238,0.0056393812,0.0014229626,0.0025034482,0.0020232624,0.00078224257,0.0031922192,api
Marco Antonio Tangaro,male,0.17846431317726094,0.8215356868227393,Italy,"Institute of Biomembranes, Bioenergetics and Molecular Biotechnologies - National Research Council","GreaterEuropean,WestEuropean,Italian",0.010510378999999999,0.83127815,0.13334958,0.02486195,0.009016194,0.060446557,0.018181264,0.25709382,0.0021166308,0.08532429,0.0031629542,0.04013448,0.020372238,0.024748446,0.049716216,0.42939204,0.00029485574,white
Morgan Taschuk,male,0.4411264703893052,0.5588735296106946,Canada,Ontario Institute for Cancer Research,"GreaterEuropean,EastEuropean",0.0010727252000000001,0.99017906,0.0068034440000000005,0.0019447861999999998,0.058927786,0.005018398,0.0035821614,0.004052211,0.01803678,0.08132721,0.45233843,0.058284514,0.05641395,0.1686096,0.05745745,0.012188981,0.02376251,white
Mehmet Tekman,male,0.296259606862796,0.7037403931372039,Germany,University of Freiburg,"GreaterAfrican,Muslim",0.015746351000000002,0.94683,0.02938895,0.008034664,0.005927558,0.005169179,0.13173634,0.043654412,0.37794042,0.042679876,0.07065731,0.009571237,0.062358994,0.186244,0.04928431,0.011432889,0.0033434555,white
Kiran K Telukunta,male,0.4411264703893052,0.5588735296106946,Belgium,ELIXIR Belgium - VIB Center for Plant Systems Biology,"GreaterAfrican,Africans",0.0021362524,0.8959138000000001,0.022075247000000003,0.079874754,0.009402196,0.0051876632,0.19196124,0.6584314,0.003825937,0.04185098,0.0025704517,0.0045927204,0.0024601624,0.010518799,0.016460074,0.052071493,0.0006668169,white
Paolo Di Tommaso,male,0.17846431317726094,0.8215356868227393,Spain,Seqera Labs,"GreaterEuropean,WestEuropean,Italian",0.035062354,0.9302812,0.022655271,0.012001146,0.0019083101,0.038123403,0.0198561,0.01236175,0.017042775,0.05858883,0.027304491,0.015337358,0.060970362,0.05729415,0.11751994,0.57233614,0.0013564065,white
Luke Trinity,female,0.7589323620194499,0.24106763798055,Canada,University of Victoria,"GreaterEuropean,British",0.094363816,0.86291915,0.03365402,0.009063046,0.017351534,0.00040563234,0.03043838,0.010847548,0.0050020097,0.86630726,0.01149815,0.020646628,0.012981707,0.0048435275,0.012662177,0.006193858,0.0008216476,white
Emmy Tsang,female,0.5786625849764301,0.42133741502356975,United Kingdom,eLife,"Asian,GreaterEastAsian,EastAsian",0.01913415,0.042997595,0.06042567,0.87744254,0.95145494,0.0067475527,0.0009173385,0.019144297,0.0021871317,0.010182303,0.0011049702,0.0012344962,0.0027719669,0.0006622169,0.0005816823,0.0004848231,0.0025263273,api
Nitesh Turaga,female,0.5456744045493539,0.4543255954506458,United States,Roswell Park Comprehensive Cancer Center,"GreaterEuropean,WestEuropean,Hispanic",0.027545813,0.5446018,0.27163363,0.15621871,0.0019572391,0.006170408,0.01518056,0.08577561,0.03179239,0.024632957,0.04161136,0.067093164,0.008229997,0.091598436,0.4578508,0.16547078,0.0026363113,white
Reetu Tuteja,male,0.3425244505862309,0.6574755494137693,United States,University of Arizona,"GreaterAfrican,Africans",0.115893774,0.8066146,0.050899982,0.026591606,0.001253088,0.00041449067,0.0047826623,0.5192326,0.0643141,0.027815485,0.17652582,0.020640071,0.0033701987,0.055611093,0.09487401,0.030538717,0.0006275426,white
Sonika Tyagi,female,0.9825659675953974,0.017434032404602017,Australia,Monash University,"Asian,IndianSubContinent",0.05934009,0.6633179,0.05690772,0.22043429999999997,0.000680816,0.008842953,0.68801963,0.09609495,0.1290344,0.017910725,0.0069827577,0.01445953,0.00029927393,0.018214555,0.010176686,0.008570021,0.0007136558,white
Bastian Greshake Tzovaras,male,0.4411264703893052,0.5588735296106946,Germany,openSNP,"GreaterEuropean,WestEuropean,Hispanic",0.012875697,0.10042179,0.7881429,0.098559596,0.0010427267,0.0007639577,0.12192053,0.024529774,0.085456826,0.030297842,0.02696755,0.16771981,0.035657,0.09836294,0.30564314,0.09506444,0.006573479,hispanic
Yves Vandenbrouck,male,0.2957672109366553,0.7042327890633447,France,French Alternative Energies and Atomic Energy Commission - CEA,"GreaterEuropean,British",0.029650162999999997,0.9539242,0.012480946000000001,0.0039447197,0.0059827957,0.0020070802,0.0003888102,0.0010564664,0.0005486008,0.38963446,0.01495254,0.17083937,0.3508474,0.034986038,0.017111981,0.0047459835,0.0068984213,white
Isabella Viney,female,0.9825659675953974,0.017434032404602017,United States,University of Arizona,"GreaterEuropean,British",0.18944849,0.79866314,0.008830889,0.0030575255,0.0031413047,0.001529308,0.0054016337,0.0067728763,0.0024736258,0.84747195,0.0054082572,0.070899576,0.006746542,0.022998644,0.0124427,0.013425357,0.001288205,white
Joel Weiser,male,0.4961049868702132,0.5038950131297869,Canada,Ontario Institute for Cancer Research,"GreaterEuropean,WestEuropean,Germanic",0.0024985542999999997,0.98104227,0.013667655,0.0027915471999999998,0.001839845,0.00023131217,0.0016373591,0.0025409202,0.0048278216,0.013595253,0.010122696,0.027404247,0.56914407,0.34695613,0.01584281,0.0023168551,0.0035406188,white
Heather Wiencko,male,0.20424982548744489,0.7957501745125553,Ireland,Hosted Graphite,"GreaterEuropean,British",0.0045697386,0.9791281999999999,0.010797025,0.0055050887,0.004137479,0.0030831185,0.0028066237,0.048552368,0.007558856,0.2685552,0.26180032,0.19874285,0.022063607,0.113713294,0.02208448,0.036779165,0.010122737,white
Wytamma Wirth,female,0.9825659675953974,0.017434032404602017,Australia,James Cook University,"GreaterEuropean,British",0.05022609,0.9380799999999999,0.0065076263,0.0051862644,0.013028432,0.0025399534,0.04270235,0.0063522398,0.012705819,0.55580634,0.02418198,0.06814143,0.13484433,0.08064415,0.029387303,0.007235633,0.022430032,white
Travis J De Wolfe,male,0.2957672109366553,0.7042327890633447,United States,University of Pittsburgh,"GreaterEuropean,British",0.015265893999999999,0.9741976000000001,0.0071150726,0.0034214315999999997,0.0011785154,0.00081519753,0.0021266267,0.007545402,0.0010447886,0.5468611,0.00822474,0.029232455,0.006965384,0.3480598,0.025994051,0.016525079,0.005426799,white
Peter Xie,male,0.20424982548744489,0.7957501745125553,United States,"University of California, Berkeley","Asian,GreaterEastAsian,EastAsian",0.0009386242599999999,0.02379318,0.004189469,0.9710788,0.9852851,0.0009848382,1.7168712e-05,0.00066600076,1.6735594e-05,0.0022298032,0.0011102505,0.0012660169,3.791316e-05,0.00019721256,0.0010352681,0.002542413,0.004611337,api
Jiwen Xin,male,0.4411264703893052,0.5588735296106946,United States,Scripps Research,"Asian,GreaterEastAsian,EastAsian",0.00016240546,0.0024938926,0.0009252963,0.9964185,0.9977385,0.0005964186,2.5403097e-06,0.00011319267,1.7916462e-05,0.00021353888,0.00043069056,0.0002947418,2.547497e-05,2.8621062e-05,0.00014376602,0.0003901488,4.5453103e-06,api
Xu Yang,male,0.3425244505862309,0.6574755494137693,Japan,University of Tokyo,"Asian,GreaterEastAsian,EastAsian",0.0005851997,0.0058345213,0.0028593002,0.990721,0.93632054,0.001480965,0.00041558855,0.0008491839,0.00057444774,0.028272819,0.0031962297,0.007209027,0.002897945,0.010381608,0.002256896,0.0008868316,0.0052578277,api
Yo Yehudi,male,0.17846431317726094,0.8215356868227393,United Kingdom,University of Cambridge,"GreaterAfrican,Muslim",0.005331658,0.9229849,0.024615487000000002,0.047068026,0.014203134,0.00021517107,0.17241299,0.12345644,0.51787734,0.016345184,0.014760608,0.0038378716,0.0033523887,0.12611169,0.0012688478,0.0014703054,0.0046880017,white
Chae Won Yu,female,0.7589323620194499,0.24106763798055,South Korea,Kangwon National University,"Asian,GreaterEastAsian,EastAsian",0.00082157925,0.0018901170000000002,0.0012641523,0.99602413,0.985699,0.011511939,0.00016143976,9.9456825e-05,0.0004784981,0.0013332149,0.00029144582,0.00017824749,1.3791742e-05,8.399485e-05,4.838627e-05,7.441041e-05,2.6353311e-05,api
Denis Yuen,male,0.2957672109366553,0.7042327890633447,Canada,Ontario Institute for Cancer Research,"Asian,GreaterEastAsian,EastAsian",0.0026636058,0.05515636,0.0039211754,0.9382588,0.97625285,0.0064680767,0.00019490071,8.2258994e-05,0.00067616027,0.002554563,0.001499136,0.0003091729,0.00011172082,0.010336805,7.035542e-05,8.381743e-05,0.0013599776,api
Pawel Zayakin,male,0.4961049868702132,0.5038950131297869,Unknown,,"GreaterEuropean,EastEuropean",0.024861604,0.8940799999999999,0.029607011000000003,0.05145141,0.0056967395,0.0017424726,0.00088251673,0.0034322415,0.030959053,0.005750571,0.89738405,0.016598158,0.0025252274,0.029314183,0.0019994064,0.0018519845,0.0018634943,white
Jia Zhang,female,0.9825659675953974,0.017434032404602017,Australia,James Cook University,"Asian,GreaterEastAsian,EastAsian",0.00014898561000000003,0.0015740467000000002,0.00046998763,0.99780697,0.9922673,5.0448296e-05,0.0004432954,0.00014195147,0.00080613344,0.0015911259,0.0010973251,0.0013145148,0.00023978873,0.00020936757,0.0009880256,0.00011742362,0.0007333075,api
Oleg Zharkov,male,0.2503492752892084,0.7496507247107911,Germany,University of Freiburg,"GreaterEuropean,EastEuropean",0.0021729758,0.26952744,0.013780478999999998,0.7145191,0.00015388016,0.0001133885,0.029369779,0.0008641425,0.12707676,0.001759755,0.8304555,0.0016316077,0.00039967377,0.0055171023,0.00062549877,0.00020531652,0.001827672,api
Mark Ziemann,male,0.052331067100742035,0.9476689328992576,Australia,Deakin University,"GreaterEuropean,WestEuropean,Germanic",0.0037232914000000002,0.98132163,0.011098948,0.0038562003000000003,0.0034262293,0.0034671128,0.0016319357,0.0041816696,0.0027342555,0.085431084,0.04284737,0.053682283,0.5997671,0.15946403,0.008311173,0.011522925,0.023532765,white
